periodo,valor,unidade
1987-T1,288856.0,Mil dúzias
1987-T2,292435.0,Mil dúzias
1987-T3,301112.0,Mil dúzias
1987-T4,294227.0,Mil dúzias
1988-T1,295512.0,Mil dúzias
1988-T2,307358.0,Mil dúzias
1988-T3,305742.0,Mil dúzias
1988-T4,304435.0,Mil dúzias
1989-T1,290781.0,Mil dúzias
1989-T2,303794.0,Mil dúzias
1989-T3,311976.0,Mil dúzias
1989-T4,317456.0,Mil dúzias
1990-T1,296583.0,Mil dúzias
1990-T2,310928.0,Mil dúzias
1990-T3,317853.0,Mil dúzias
1990-T4,315864.0,Mil dúzias
1991-T1,318834.0,Mil dúzias
1991-T2,331513.0,Mil dúzias
1991-T3,338989.0,Mil dúzias
1991-T4,332725.0,Mil dúzias
1992-T1,327831.0,Mil dúzias
1992-T2,339666.0,Mil dúzias
1992-T3,353127.0,Mil dúzias
1992-T4,343064.0,Mil dúzias
1993-T1,337138.0,Mil dúzias
1993-T2,346857.0,Mil dúzias
1993-T3,349115.0,Mil dúzias
1993-T4,348077.0,Mil dúzias
1994-T1,346444.0,Mil dúzias
1994-T2,357960.0,Mil dúzias
1994-T3,361277.0,Mil dúzias
1994-T4,374078.0,Mil dúzias
1995-T1,372915.0,Mil dúzias
1995-T2,384648.0,Mil dúzias
1995-T3,382530.0,Mil dúzias
1995-T4,380976.0,Mil dúzias
1996-T1,355143.0,Mil dúzias
1996-T2,374322.0,Mil dúzias
1996-T3,378129.0,Mil dúzias
1996-T4,372923.0,Mil dúzias
1997-T1,370386.0,Mil dúzias
1997-T2,377619.0,Mil dúzias
1997-T3,388869.0,Mil dúzias
1997-T4,379334.0,Mil dúzias
1998-T1,382171.0,Mil dúzias
1998-T2,396306.0,Mil dúzias
1998-T3,400805.0,Mil dúzias
1998-T4,381781.0,Mil dúzias
1999-T1,387153.0,Mil dúzias
1999-T2,399267.0,Mil dúzias
1999-T3,398367.0,Mil dúzias
1999-T4,393487.0,Mil dúzias
2000-T1,412589.0,Mil dúzias
2000-T2,416540.0,Mil dúzias
2000-T3,418379.0,Mil dúzias
2000-T4,415205.0,Mil dúzias
2001-T1,402829.0,Mil dúzias
2001-T2,429211.0,Mil dúzias
2001-T3,441890.0,Mil dúzias
2001-T4,440659.0,Mil dúzias
2002-T1,448294.0,Mil dúzias
2002-T2,453256.0,Mil dúzias
2002-T3,454255.0,Mil dúzias
2002-T4,437860.0,Mil dúzias
2003-T1,440951.0,Mil dúzias
2003-T2,457278.0,Mil dúzias
2003-T3,466091.0,Mil dúzias
2003-T4,465451.0,Mil dúzias
2004-T1,467346.0,Mil dúzias
2004-T2,478017.0,Mil dúzias
2004-T3,488983.0,Mil dúzias
2004-T4,488001.0,Mil dúzias
2005-T1,484402.0,Mil dúzias
2005-T2,499723.0,Mil dúzias
2005-T3,517178.0,Mil dúzias
2005-T4,517049.0,Mil dúzias
2006-T1,516533.0,Mil dúzias
2006-T2,522181.0,Mil dúzias
2006-T3,540337.0,Mil dúzias
2006-T4,533328.0,Mil dúzias
2007-T1,527194.0,Mil dúzias
2007-T2,537800.0,Mil dúzias
2007-T3,544884.0,Mil dúzias
2007-T4,556028.0,Mil dúzias
2008-T1,559989.0,Mil dúzias
2008-T2,567956.0,Mil dúzias
2008-T3,576427.0,Mil dúzias
2008-T4,576129.0,Mil dúzias
2009-T1,580259.0,Mil dúzias
2009-T2,580993.0,Mil dúzias
2009-T3,598307.0,Mil dúzias
2009-T4,601367.0,Mil dúzias
2010-T1,603727.0,Mil dúzias
2010-T2,610592.0,Mil dúzias
2010-T3,622000.0,Mil dúzias
2010-T4,621557.0,Mil dúzias
2011-T1,620103.0,Mil dúzias
2011-T2,633902.0,Mil dúzias
2011-T3,650814.0,Mil dúzias
2011-T4,661901.0,Mil dúzias
2012-T1,673165.0,Mil dúzias
2012-T2,673352.0,Mil dúzias
2012-T3,682833.0,Mil dúzias
2012-T4,666125.0,Mil dúzias
2013-T1,670500.0,Mil dúzias
2013-T2,680807.0,Mil dúzias
2013-T3,692740.0,Mil dúzias
2013-T4,696273.0,Mil dúzias
2014-T1,687594.0,Mil dúzias
2014-T2,698368.0,Mil dúzias
2014-T3,720096.0,Mil dúzias
2014-T4,718817.0,Mil dúzias
2015-T1,706409.0,Mil dúzias
2015-T2,721462.0,Mil dúzias
2015-T3,751361.0,Mil dúzias
2015-T4,748050.0,Mil dúzias
2016-T1,757185.0,Mil dúzias
2016-T2,760885.0,Mil dúzias
2016-T3,779596.0,Mil dúzias
2016-T4,800169.0,Mil dúzias
2017-T1,790546.0,Mil dúzias
2017-T2,820398.0,Mil dúzias
2017-T3,843908.0,Mil dúzias
2017-T4,857485.0,Mil dúzias
2018-T1,860996.0,Mil dúzias
2018-T2,879606.0,Mil dúzias
2018-T3,924920.0,Mil dúzias
2018-T4,941670.0,Mil dúzias
2019-T1,929046.0,Mil dúzias
2019-T2,947814.0,Mil dúzias
2019-T3,973822.0,Mil dúzias
2019-T4,991454.0,Mil dúzias
2020-T1,974555.0,Mil dúzias
2020-T2,977287.0,Mil dúzias
2020-T3,1019340.0,Mil dúzias
2020-T4,995956.0,Mil dúzias
2021-T1,996789.0,Mil dúzias
2021-T2,998454.0,Mil dúzias
2021-T3,1015018.0,Mil dúzias
2021-T4,1002251.0,Mil dúzias
2022-T1,994938.0,Mil dúzias
2022-T2,1017498.0,Mil dúzias
2022-T3,1036531.0,Mil dúzias
2022-T4,1049652.0,Mil dúzias
2023-T1,1035837.0,Mil dúzias
2023-T2,1057747.0,Mil dúzias
2023-T3,1086440.0,Mil dúzias
2023-T4,1070778.0,Mil dúzias
2024-T1,1104775.0,Mil dúzias
2024-T2,1168629.0,Mil dúzias
2024-T3,1205391.0,Mil dúzias
2024-T4,1209554.0,Mil dúzias
2025-T1,1210262.0,Mil dúzias
2025-T2,1243047.0,Mil dúzias
2025-T3,1241639.0,Mil dúzias
2025-T4,1259173.0,Mil dúzias
2026-T1,1214988.0,Mil dúzias
